insert into T_AGENCEDETAIL (ID,AGENCEID,CREATION,NOTATION) values (1,1,NULL,1);
insert into T_AGENCEDETAIL (ID,AGENCEID,CREATION,NOTATION) values (2,2,NULL,2);
insert into T_AGENCEDETAIL (ID,AGENCEID,CREATION,NOTATION) values (3,3,NULL,3);
insert into T_AGENCEDETAIL (ID,AGENCEID,CREATION,NOTATION) values (4,4,NULL,4);
insert into T_AGENCEDETAIL (ID,AGENCEID,CREATION,NOTATION) values (5,5,NULL,5);
insert into T_AGENCEDETAIL (ID,AGENCEID,CREATION,NOTATION) values (6,6,NULL,6);
insert into T_AGENCEDETAIL (ID,AGENCEID,CREATION,NOTATION) values (7,7,NULL,7);
insert into T_AGENCEDETAIL (ID,AGENCEID,CREATION,NOTATION) values (8,8,NULL,8);
insert into T_AGENCEDETAIL (ID,AGENCEID,CREATION,NOTATION) values (9,9,NULL,9);
insert into T_AGENCEDETAIL (ID,AGENCEID,CREATION,NOTATION) values (10,10,NULL,10);
insert into T_AGENCEDETAIL (ID,AGENCEID,CREATION,NOTATION) values (11,11,NULL,11);
insert into T_AGENCEDETAIL (ID,AGENCEID,CREATION,NOTATION) values (12,12,NULL,12);
insert into T_AGENCEDETAIL (ID,AGENCEID,CREATION,NOTATION) values (13,13,NULL,13);
insert into T_AGENCEDETAIL (ID,AGENCEID,CREATION,NOTATION) values (14,14,NULL,14);
insert into T_AGENCEDETAIL (ID,AGENCEID,CREATION,NOTATION) values (15,15,NULL,15);
insert into T_AGENCEDETAIL (ID,AGENCEID,CREATION,NOTATION) values (16,16,NULL,16);
insert into T_AGENCEDETAIL (ID,AGENCEID,CREATION,NOTATION) values (17,17,NULL,17);
insert into T_ACTIVITE (ID,LABEL) values (1,'label1');
insert into T_ACTIVITE (ID,LABEL) values (2,'label2');
insert into T_ACTIVITE (ID,LABEL) values (3,'label3');
insert into T_ACTIVITE (ID,LABEL) values (4,'label4');
insert into T_ACTIVITE (ID,LABEL) values (5,'label5');
insert into T_ACTIVITE (ID,LABEL) values (6,'label6');
insert into T_ACTIVITE (ID,LABEL) values (7,'label7');
insert into T_ACTIVITE (ID,LABEL) values (8,'label8');
insert into T_ACTIVITE (ID,LABEL) values (9,'label9');
insert into T_ACTIVITE (ID,LABEL) values (10,'label10');
insert into T_ACTIVITE (ID,LABEL) values (11,'label11');
insert into T_ACTIVITE (ID,LABEL) values (12,'label12');
insert into T_ACTIVITE (ID,LABEL) values (13,'label13');
insert into T_ACTIVITE (ID,LABEL) values (14,'label14');
insert into T_ACTIVITE (ID,LABEL) values (15,'label15');
insert into T_ACTIVITE (ID,LABEL) values (16,'label16');
insert into T_ACTIVITE (ID,LABEL) values (17,'label17');
insert into T_AGENCEPHOTOS (IDENTIFIER,PHOTOSAGENCEID,PHOTO_NAME,PHOTO_URI,PHOTO_DATE,PHOTO_DESC,PHOTO_PHOTOSTATE) values (1,1,'name1','uri1',strftime('%s', '2010-01-01 00:00:00', 'utc' )*1000,'desc1',0);
insert into T_AGENCEPHOTOS (IDENTIFIER,PHOTOSAGENCEID,PHOTO_NAME,PHOTO_URI,PHOTO_DATE,PHOTO_DESC,PHOTO_PHOTOSTATE) values (2,2,'name2','uri2',strftime('%s', '2010-01-02 00:00:00', 'utc' )*1000,'desc2',0);
insert into T_AGENCEPHOTOS (IDENTIFIER,PHOTOSAGENCEID,PHOTO_NAME,PHOTO_URI,PHOTO_DATE,PHOTO_DESC,PHOTO_PHOTOSTATE) values (3,3,'name3','uri3',strftime('%s', '2010-01-03 00:00:00', 'utc' )*1000,'desc3',0);
insert into T_AGENCEPHOTOS (IDENTIFIER,PHOTOSAGENCEID,PHOTO_NAME,PHOTO_URI,PHOTO_DATE,PHOTO_DESC,PHOTO_PHOTOSTATE) values (4,4,'name4','uri4',strftime('%s', '2010-01-04 00:00:00', 'utc' )*1000,'desc4',0);
insert into T_AGENCEPHOTOS (IDENTIFIER,PHOTOSAGENCEID,PHOTO_NAME,PHOTO_URI,PHOTO_DATE,PHOTO_DESC,PHOTO_PHOTOSTATE) values (5,5,'name5','uri5',strftime('%s', '2010-01-05 00:00:00', 'utc' )*1000,'desc5',0);
insert into T_AGENCEPHOTOS (IDENTIFIER,PHOTOSAGENCEID,PHOTO_NAME,PHOTO_URI,PHOTO_DATE,PHOTO_DESC,PHOTO_PHOTOSTATE) values (6,6,'name6','uri6',strftime('%s', '2010-01-06 00:00:00', 'utc' )*1000,'desc6',0);
insert into T_AGENCEPHOTOS (IDENTIFIER,PHOTOSAGENCEID,PHOTO_NAME,PHOTO_URI,PHOTO_DATE,PHOTO_DESC,PHOTO_PHOTOSTATE) values (7,7,'name7','uri7',strftime('%s', '2010-01-07 00:00:00', 'utc' )*1000,'desc7',0);
insert into T_AGENCEPHOTOS (IDENTIFIER,PHOTOSAGENCEID,PHOTO_NAME,PHOTO_URI,PHOTO_DATE,PHOTO_DESC,PHOTO_PHOTOSTATE) values (8,8,'name8','uri8',strftime('%s', '2010-01-08 00:00:00', 'utc' )*1000,'desc8',0);
insert into T_AGENCEPHOTOS (IDENTIFIER,PHOTOSAGENCEID,PHOTO_NAME,PHOTO_URI,PHOTO_DATE,PHOTO_DESC,PHOTO_PHOTOSTATE) values (9,9,'name9','uri9',strftime('%s', '2010-01-09 00:00:00', 'utc' )*1000,'desc9',0);
insert into T_AGENCEPHOTOS (IDENTIFIER,PHOTOSAGENCEID,PHOTO_NAME,PHOTO_URI,PHOTO_DATE,PHOTO_DESC,PHOTO_PHOTOSTATE) values (10,10,'name10','uri10',strftime('%s', '2010-01-10 00:00:00', 'utc' )*1000,'desc10',0);
insert into T_AGENCEPHOTOS (IDENTIFIER,PHOTOSAGENCEID,PHOTO_NAME,PHOTO_URI,PHOTO_DATE,PHOTO_DESC,PHOTO_PHOTOSTATE) values (11,11,'name11','uri11',strftime('%s', '2010-01-11 00:00:00', 'utc' )*1000,'desc11',0);
insert into T_AGENCEPHOTOS (IDENTIFIER,PHOTOSAGENCEID,PHOTO_NAME,PHOTO_URI,PHOTO_DATE,PHOTO_DESC,PHOTO_PHOTOSTATE) values (12,12,'name12','uri12',strftime('%s', '2010-01-12 00:00:00', 'utc' )*1000,'desc12',0);
insert into T_AGENCEPHOTOS (IDENTIFIER,PHOTOSAGENCEID,PHOTO_NAME,PHOTO_URI,PHOTO_DATE,PHOTO_DESC,PHOTO_PHOTOSTATE) values (13,13,'name13','uri13',strftime('%s', '2010-01-13 00:00:00', 'utc' )*1000,'desc13',0);
insert into T_AGENCEPHOTOS (IDENTIFIER,PHOTOSAGENCEID,PHOTO_NAME,PHOTO_URI,PHOTO_DATE,PHOTO_DESC,PHOTO_PHOTOSTATE) values (14,14,'name14','uri14',strftime('%s', '2010-01-14 00:00:00', 'utc' )*1000,'desc14',0);
insert into T_AGENCEPHOTOS (IDENTIFIER,PHOTOSAGENCEID,PHOTO_NAME,PHOTO_URI,PHOTO_DATE,PHOTO_DESC,PHOTO_PHOTOSTATE) values (15,15,'name15','uri15',strftime('%s', '2010-01-15 00:00:00', 'utc' )*1000,'desc15',0);
insert into T_AGENCEPHOTOS (IDENTIFIER,PHOTOSAGENCEID,PHOTO_NAME,PHOTO_URI,PHOTO_DATE,PHOTO_DESC,PHOTO_PHOTOSTATE) values (16,16,'name16','uri16',strftime('%s', '2010-01-16 00:00:00', 'utc' )*1000,'desc16',0);
insert into T_AGENCEPHOTOS (IDENTIFIER,PHOTOSAGENCEID,PHOTO_NAME,PHOTO_URI,PHOTO_DATE,PHOTO_DESC,PHOTO_PHOTOSTATE) values (17,17,'name17','uri17',strftime('%s', '2010-01-17 00:00:00', 'utc' )*1000,'desc17',0);
insert into T_SKILL (ID,LABEL) values (1,'Skill1');
insert into T_SKILL (ID,LABEL) values (2,'Skill2');
insert into T_SKILL (ID,LABEL) values (3,'Skill3');
insert into T_SKILL (ID,LABEL) values (4,'Skill4');
insert into T_SKILL (ID,LABEL) values (5,'Skill5');
insert into T_SKILL (ID,LABEL) values (6,'Skill6');
insert into T_SKILL (ID,LABEL) values (7,'Skill7');
insert into T_SKILL (ID,LABEL) values (8,'Skill8');
insert into T_SKILL (ID,LABEL) values (9,'Skill9');
insert into T_SKILL (ID,LABEL) values (10,'Skill10');
insert into T_SKILL (ID,LABEL) values (11,'Skill11');
insert into T_SKILL (ID,LABEL) values (12,'Skill12');
insert into T_SKILL (ID,LABEL) values (13,'Skill13');
insert into T_SKILL (ID,LABEL) values (14,'Skill14');
insert into T_SKILL (ID,LABEL) values (15,'Skill15');
insert into T_SKILL (ID,LABEL) values (16,'Skill16');
insert into T_SKILL (ID,LABEL) values (17,'Skill17');
insert into T_RESERVATION (ID,RESOURCEID,EMPLOYEID,STARTDATE,ENDDATE) values (1,1,1,strftime('%s', '2010-01-01 00:00:00', 'utc' )*1000,strftime('%s', '2010-01-01 00:00:00', 'utc' )*1000);
insert into T_RESERVATION (ID,RESOURCEID,EMPLOYEID,STARTDATE,ENDDATE) values (2,2,2,strftime('%s', '2010-01-01 00:00:00', 'utc' )*1000,strftime('%s', '2010-01-01 00:00:00', 'utc' )*1000);
insert into T_RESERVATION (ID,RESOURCEID,EMPLOYEID,STARTDATE,ENDDATE) values (3,3,3,strftime('%s', '2010-01-01 00:00:00', 'utc' )*1000,strftime('%s', '2010-01-01 00:00:00', 'utc' )*1000);
insert into T_RESERVATION (ID,RESOURCEID,EMPLOYEID,STARTDATE,ENDDATE) values (4,4,4,strftime('%s', '2010-01-01 00:00:00', 'utc' )*1000,strftime('%s', '2010-01-01 00:00:00', 'utc' )*1000);
insert into T_RESERVATION (ID,RESOURCEID,EMPLOYEID,STARTDATE,ENDDATE) values (5,5,5,strftime('%s', '2010-01-01 00:00:00', 'utc' )*1000,strftime('%s', '2010-01-01 00:00:00', 'utc' )*1000);
insert into T_RESERVATION (ID,RESOURCEID,EMPLOYEID,STARTDATE,ENDDATE) values (6,6,6,strftime('%s', '2010-01-01 00:00:00', 'utc' )*1000,strftime('%s', '2010-01-01 00:00:00', 'utc' )*1000);
insert into T_RESERVATION (ID,RESOURCEID,EMPLOYEID,STARTDATE,ENDDATE) values (7,7,7,strftime('%s', '2010-01-01 00:00:00', 'utc' )*1000,strftime('%s', '2010-01-01 00:00:00', 'utc' )*1000);
insert into T_RESERVATION (ID,RESOURCEID,EMPLOYEID,STARTDATE,ENDDATE) values (8,8,8,strftime('%s', '2010-01-01 00:00:00', 'utc' )*1000,strftime('%s', '2010-01-01 00:00:00', 'utc' )*1000);
insert into T_RESERVATION (ID,RESOURCEID,EMPLOYEID,STARTDATE,ENDDATE) values (9,9,9,strftime('%s', '2010-01-01 00:00:00', 'utc' )*1000,strftime('%s', '2010-01-01 00:00:00', 'utc' )*1000);
insert into T_RESERVATION (ID,RESOURCEID,EMPLOYEID,STARTDATE,ENDDATE) values (10,10,10,strftime('%s', '2010-01-01 00:00:00', 'utc' )*1000,strftime('%s', '2010-01-01 00:00:00', 'utc' )*1000);
insert into T_RESERVATION (ID,RESOURCEID,EMPLOYEID,STARTDATE,ENDDATE) values (11,11,11,strftime('%s', '2010-01-01 00:00:00', 'utc' )*1000,strftime('%s', '2010-01-01 00:00:00', 'utc' )*1000);
insert into T_RESERVATION (ID,RESOURCEID,EMPLOYEID,STARTDATE,ENDDATE) values (12,12,12,strftime('%s', '2010-01-01 00:00:00', 'utc' )*1000,strftime('%s', '2010-01-01 00:00:00', 'utc' )*1000);
insert into T_RESERVATION (ID,RESOURCEID,EMPLOYEID,STARTDATE,ENDDATE) values (13,13,13,strftime('%s', '2010-01-01 00:00:00', 'utc' )*1000,strftime('%s', '2010-01-01 00:00:00', 'utc' )*1000);
insert into T_RESERVATION (ID,RESOURCEID,EMPLOYEID,STARTDATE,ENDDATE) values (14,14,14,strftime('%s', '2010-01-01 00:00:00', 'utc' )*1000,strftime('%s', '2010-01-01 00:00:00', 'utc' )*1000);
insert into T_RESERVATION (ID,RESOURCEID,EMPLOYEID,STARTDATE,ENDDATE) values (15,15,15,strftime('%s', '2010-01-01 00:00:00', 'utc' )*1000,strftime('%s', '2010-01-01 00:00:00', 'utc' )*1000);
insert into T_RESERVATION (ID,RESOURCEID,EMPLOYEID,STARTDATE,ENDDATE) values (16,16,16,strftime('%s', '2010-01-01 00:00:00', 'utc' )*1000,strftime('%s', '2010-01-01 00:00:00', 'utc' )*1000);
insert into T_RESERVATION (ID,RESOURCEID,EMPLOYEID,STARTDATE,ENDDATE) values (17,17,17,strftime('%s', '2010-01-01 00:00:00', 'utc' )*1000,strftime('%s', '2010-01-01 00:00:00', 'utc' )*1000);
insert into T_EMPLOYEE (ID,AGENCEID1,FIRSTNAME,LASTNAME,PHOTO_NAME,PHOTO_URI,PHOTO_DATE,PHOTO_DESC,PHOTO_PHOTOSTATE) values (1,1,'Firstname1','Lastname1',NULL,NULL,NULL,NULL,NULL);
insert into T_EMPLOYEE (ID,AGENCEID1,FIRSTNAME,LASTNAME,PHOTO_NAME,PHOTO_URI,PHOTO_DATE,PHOTO_DESC,PHOTO_PHOTOSTATE) values (2,2,'Firstname2','Lastname2',NULL,NULL,NULL,NULL,NULL);
insert into T_EMPLOYEE (ID,AGENCEID1,FIRSTNAME,LASTNAME,PHOTO_NAME,PHOTO_URI,PHOTO_DATE,PHOTO_DESC,PHOTO_PHOTOSTATE) values (3,3,'Firstname3','Lastname3',NULL,NULL,NULL,NULL,NULL);
insert into T_EMPLOYEE (ID,AGENCEID1,FIRSTNAME,LASTNAME,PHOTO_NAME,PHOTO_URI,PHOTO_DATE,PHOTO_DESC,PHOTO_PHOTOSTATE) values (4,4,'Firstname4','Lastname4',NULL,NULL,NULL,NULL,NULL);
insert into T_EMPLOYEE (ID,AGENCEID1,FIRSTNAME,LASTNAME,PHOTO_NAME,PHOTO_URI,PHOTO_DATE,PHOTO_DESC,PHOTO_PHOTOSTATE) values (5,5,'Firstname5','Lastname5',NULL,NULL,NULL,NULL,NULL);
insert into T_EMPLOYEE (ID,AGENCEID1,FIRSTNAME,LASTNAME,PHOTO_NAME,PHOTO_URI,PHOTO_DATE,PHOTO_DESC,PHOTO_PHOTOSTATE) values (6,6,'Firstname6','Lastname6',NULL,NULL,NULL,NULL,NULL);
insert into T_EMPLOYEE (ID,AGENCEID1,FIRSTNAME,LASTNAME,PHOTO_NAME,PHOTO_URI,PHOTO_DATE,PHOTO_DESC,PHOTO_PHOTOSTATE) values (7,7,'Firstname7','Lastname7',NULL,NULL,NULL,NULL,NULL);
insert into T_EMPLOYEE (ID,AGENCEID1,FIRSTNAME,LASTNAME,PHOTO_NAME,PHOTO_URI,PHOTO_DATE,PHOTO_DESC,PHOTO_PHOTOSTATE) values (8,8,'Firstname8','Lastname8',NULL,NULL,NULL,NULL,NULL);
insert into T_EMPLOYEE (ID,AGENCEID1,FIRSTNAME,LASTNAME,PHOTO_NAME,PHOTO_URI,PHOTO_DATE,PHOTO_DESC,PHOTO_PHOTOSTATE) values (9,9,'Firstname9','Lastname9',NULL,NULL,NULL,NULL,NULL);
insert into T_EMPLOYEE (ID,AGENCEID1,FIRSTNAME,LASTNAME,PHOTO_NAME,PHOTO_URI,PHOTO_DATE,PHOTO_DESC,PHOTO_PHOTOSTATE) values (10,10,'Firstname10','Lastname10',NULL,NULL,NULL,NULL,NULL);
insert into T_EMPLOYEE (ID,AGENCEID1,FIRSTNAME,LASTNAME,PHOTO_NAME,PHOTO_URI,PHOTO_DATE,PHOTO_DESC,PHOTO_PHOTOSTATE) values (11,11,'Firstname11','Lastname11',NULL,NULL,NULL,NULL,NULL);
insert into T_EMPLOYEE (ID,AGENCEID1,FIRSTNAME,LASTNAME,PHOTO_NAME,PHOTO_URI,PHOTO_DATE,PHOTO_DESC,PHOTO_PHOTOSTATE) values (12,12,'Firstname12','Lastname12',NULL,NULL,NULL,NULL,NULL);
insert into T_EMPLOYEE (ID,AGENCEID1,FIRSTNAME,LASTNAME,PHOTO_NAME,PHOTO_URI,PHOTO_DATE,PHOTO_DESC,PHOTO_PHOTOSTATE) values (13,13,'Firstname13','Lastname13',NULL,NULL,NULL,NULL,NULL);
insert into T_EMPLOYEE (ID,AGENCEID1,FIRSTNAME,LASTNAME,PHOTO_NAME,PHOTO_URI,PHOTO_DATE,PHOTO_DESC,PHOTO_PHOTOSTATE) values (14,14,'Firstname14','Lastname14',NULL,NULL,NULL,NULL,NULL);
insert into T_EMPLOYEE (ID,AGENCEID1,FIRSTNAME,LASTNAME,PHOTO_NAME,PHOTO_URI,PHOTO_DATE,PHOTO_DESC,PHOTO_PHOTOSTATE) values (15,15,'Firstname15','Lastname15',NULL,NULL,NULL,NULL,NULL);
insert into T_EMPLOYEE (ID,AGENCEID1,FIRSTNAME,LASTNAME,PHOTO_NAME,PHOTO_URI,PHOTO_DATE,PHOTO_DESC,PHOTO_PHOTOSTATE) values (16,16,'Firstname16','Lastname16',NULL,NULL,NULL,NULL,NULL);
insert into T_EMPLOYEE (ID,AGENCEID1,FIRSTNAME,LASTNAME,PHOTO_NAME,PHOTO_URI,PHOTO_DATE,PHOTO_DESC,PHOTO_PHOTOSTATE) values (17,17,'Firstname17','Lastname17',NULL,NULL,NULL,NULL,NULL);
insert into T_EMPLOYEE (ID,AGENCEID1,FIRSTNAME,LASTNAME,PHOTO_NAME,PHOTO_URI,PHOTO_DATE,PHOTO_DESC,PHOTO_PHOTOSTATE) values (18,1,'Firstname18','Lastname18',NULL,NULL,NULL,NULL,NULL);
insert into T_EMPLOYEE (ID,AGENCEID1,FIRSTNAME,LASTNAME,PHOTO_NAME,PHOTO_URI,PHOTO_DATE,PHOTO_DESC,PHOTO_PHOTOSTATE) values (19,1,'Firstname19','Lastname19',NULL,NULL,NULL,NULL,NULL);
insert into T_EMPLOYEE (ID,AGENCEID1,FIRSTNAME,LASTNAME,PHOTO_NAME,PHOTO_URI,PHOTO_DATE,PHOTO_DESC,PHOTO_PHOTOSTATE) values (20,1,'Firstname20','Lastname20',NULL,NULL,NULL,NULL,NULL);
update T_EMPLOYEE set PHOTO_NAME = 'name1' , PHOTO_URI = 'http://photo.com/1' , PHOTO_DATE = NULL , PHOTO_DESC = NULL , PHOTO_PHOTOSTATE = 0 where ID = 1 ;
update T_EMPLOYEE set PHOTO_NAME = 'name2' , PHOTO_URI = 'http://photo.com/2' , PHOTO_DATE = NULL , PHOTO_DESC = NULL , PHOTO_PHOTOSTATE = 0 where ID = 2 ;
update T_EMPLOYEE set PHOTO_NAME = 'name3' , PHOTO_URI = 'http://photo.com/3' , PHOTO_DATE = NULL , PHOTO_DESC = NULL , PHOTO_PHOTOSTATE = 0 where ID = 3 ;
update T_EMPLOYEE set PHOTO_NAME = 'name4' , PHOTO_URI = 'http://photo.com/4' , PHOTO_DATE = NULL , PHOTO_DESC = NULL , PHOTO_PHOTOSTATE = 0 where ID = 4 ;
update T_EMPLOYEE set PHOTO_NAME = 'name5' , PHOTO_URI = 'http://photo.com/5' , PHOTO_DATE = NULL , PHOTO_DESC = NULL , PHOTO_PHOTOSTATE = 0 where ID = 5 ;
update T_EMPLOYEE set PHOTO_NAME = 'name6' , PHOTO_URI = 'http://photo.com/6' , PHOTO_DATE = NULL , PHOTO_DESC = NULL , PHOTO_PHOTOSTATE = 0 where ID = 6 ;
update T_EMPLOYEE set PHOTO_NAME = 'name7' , PHOTO_URI = 'http://photo.com/7' , PHOTO_DATE = NULL , PHOTO_DESC = NULL , PHOTO_PHOTOSTATE = 0 where ID = 7 ;
update T_EMPLOYEE set PHOTO_NAME = 'name8' , PHOTO_URI = 'http://photo.com/8' , PHOTO_DATE = NULL , PHOTO_DESC = NULL , PHOTO_PHOTOSTATE = 0 where ID = 8 ;
update T_EMPLOYEE set PHOTO_NAME = 'name9' , PHOTO_URI = 'http://photo.com/9' , PHOTO_DATE = NULL , PHOTO_DESC = NULL , PHOTO_PHOTOSTATE = 0 where ID = 9 ;
update T_EMPLOYEE set PHOTO_NAME = 'name10' , PHOTO_URI = 'http://photo.com/10' , PHOTO_DATE = NULL , PHOTO_DESC = NULL , PHOTO_PHOTOSTATE = 0 where ID = 10 ;
update T_EMPLOYEE set PHOTO_NAME = 'name11' , PHOTO_URI = 'http://photo.com/11' , PHOTO_DATE = NULL , PHOTO_DESC = NULL , PHOTO_PHOTOSTATE = 0 where ID = 11 ;
update T_EMPLOYEE set PHOTO_NAME = 'name12' , PHOTO_URI = 'http://photo.com/12' , PHOTO_DATE = NULL , PHOTO_DESC = NULL , PHOTO_PHOTOSTATE = 0 where ID = 12 ;
update T_EMPLOYEE set PHOTO_NAME = 'name13' , PHOTO_URI = 'http://photo.com/13' , PHOTO_DATE = NULL , PHOTO_DESC = NULL , PHOTO_PHOTOSTATE = 0 where ID = 13 ;
update T_EMPLOYEE set PHOTO_NAME = 'name14' , PHOTO_URI = 'http://photo.com/14' , PHOTO_DATE = NULL , PHOTO_DESC = NULL , PHOTO_PHOTOSTATE = 0 where ID = 14 ;
update T_EMPLOYEE set PHOTO_NAME = 'name15' , PHOTO_URI = 'http://photo.com/15' , PHOTO_DATE = NULL , PHOTO_DESC = NULL , PHOTO_PHOTOSTATE = 0 where ID = 15 ;
update T_EMPLOYEE set PHOTO_NAME = 'name16' , PHOTO_URI = 'http://photo.com/16' , PHOTO_DATE = NULL , PHOTO_DESC = NULL , PHOTO_PHOTOSTATE = 0 where ID = 16 ;
update T_EMPLOYEE set PHOTO_NAME = 'name17' , PHOTO_URI = 'http://photo.com/17' , PHOTO_DATE = NULL , PHOTO_DESC = NULL , PHOTO_PHOTOSTATE = 0 where ID = 17 ;
insert into T_RESOURCE (ID,LABEL,ENABLE,RESOURCETYPE) values (1,'label1',1,1);
insert into T_RESOURCE (ID,LABEL,ENABLE,RESOURCETYPE) values (2,'label2',0,2);
insert into T_RESOURCE (ID,LABEL,ENABLE,RESOURCETYPE) values (3,'label3',1,1);
insert into T_RESOURCE (ID,LABEL,ENABLE,RESOURCETYPE) values (4,'label4',0,2);
insert into T_RESOURCE (ID,LABEL,ENABLE,RESOURCETYPE) values (5,'label5',1,1);
insert into T_RESOURCE (ID,LABEL,ENABLE,RESOURCETYPE) values (6,'label6',0,2);
insert into T_RESOURCE (ID,LABEL,ENABLE,RESOURCETYPE) values (7,'label7',1,1);
insert into T_RESOURCE (ID,LABEL,ENABLE,RESOURCETYPE) values (8,'label8',0,2);
insert into T_RESOURCE (ID,LABEL,ENABLE,RESOURCETYPE) values (9,'label9',1,1);
insert into T_RESOURCE (ID,LABEL,ENABLE,RESOURCETYPE) values (10,'label10',0,2);
insert into T_RESOURCE (ID,LABEL,ENABLE,RESOURCETYPE) values (11,'label11',1,1);
insert into T_RESOURCE (ID,LABEL,ENABLE,RESOURCETYPE) values (12,'label12',0,2);
insert into T_RESOURCE (ID,LABEL,ENABLE,RESOURCETYPE) values (13,'label13',1,1);
insert into T_RESOURCE (ID,LABEL,ENABLE,RESOURCETYPE) values (14,'label14',0,2);
insert into T_RESOURCE (ID,LABEL,ENABLE,RESOURCETYPE) values (15,'label15',1,1);
insert into T_RESOURCE (ID,LABEL,ENABLE,RESOURCETYPE) values (16,'label16',0,2);
insert into T_RESOURCE (ID,LABEL,ENABLE,RESOURCETYPE) values (17,'label17',1,1);
insert into T_CLIENT (ID,AGENCEID12,AGENCYID,NOM,PRENOM,TELEPHONE,EMAIL,POSITION_LATITUDE,POSITION_LONGITUDE,POSITION_COMPL,POSITION_STREET,POSITION_CITY,POSITION_COUNTRY) values (1,1,1,'Nom1','Prenom1','1234567890','email@here.com1',NULL,NULL,NULL,NULL,NULL,NULL);
insert into T_CLIENT (ID,AGENCEID12,AGENCYID,NOM,PRENOM,TELEPHONE,EMAIL,POSITION_LATITUDE,POSITION_LONGITUDE,POSITION_COMPL,POSITION_STREET,POSITION_CITY,POSITION_COUNTRY) values (2,2,2,'Nom2','Prenom2','1234567890','email@here.com2',NULL,NULL,NULL,NULL,NULL,NULL);
insert into T_CLIENT (ID,AGENCEID12,AGENCYID,NOM,PRENOM,TELEPHONE,EMAIL,POSITION_LATITUDE,POSITION_LONGITUDE,POSITION_COMPL,POSITION_STREET,POSITION_CITY,POSITION_COUNTRY) values (3,3,3,'Nom3','Prenom3','1234567890','email@here.com3',NULL,NULL,NULL,NULL,NULL,NULL);
insert into T_CLIENT (ID,AGENCEID12,AGENCYID,NOM,PRENOM,TELEPHONE,EMAIL,POSITION_LATITUDE,POSITION_LONGITUDE,POSITION_COMPL,POSITION_STREET,POSITION_CITY,POSITION_COUNTRY) values (4,4,4,'Nom4','Prenom4','1234567890','email@here.com4',NULL,NULL,NULL,NULL,NULL,NULL);
insert into T_CLIENT (ID,AGENCEID12,AGENCYID,NOM,PRENOM,TELEPHONE,EMAIL,POSITION_LATITUDE,POSITION_LONGITUDE,POSITION_COMPL,POSITION_STREET,POSITION_CITY,POSITION_COUNTRY) values (5,5,5,'Nom5','Prenom5','1234567890','email@here.com5',NULL,NULL,NULL,NULL,NULL,NULL);
insert into T_CLIENT (ID,AGENCEID12,AGENCYID,NOM,PRENOM,TELEPHONE,EMAIL,POSITION_LATITUDE,POSITION_LONGITUDE,POSITION_COMPL,POSITION_STREET,POSITION_CITY,POSITION_COUNTRY) values (6,6,6,'Nom6','Prenom6','1234567890','email@here.com6',NULL,NULL,NULL,NULL,NULL,NULL);
insert into T_CLIENT (ID,AGENCEID12,AGENCYID,NOM,PRENOM,TELEPHONE,EMAIL,POSITION_LATITUDE,POSITION_LONGITUDE,POSITION_COMPL,POSITION_STREET,POSITION_CITY,POSITION_COUNTRY) values (7,7,7,'Nom7','Prenom7','1234567890','email@here.com7',NULL,NULL,NULL,NULL,NULL,NULL);
insert into T_CLIENT (ID,AGENCEID12,AGENCYID,NOM,PRENOM,TELEPHONE,EMAIL,POSITION_LATITUDE,POSITION_LONGITUDE,POSITION_COMPL,POSITION_STREET,POSITION_CITY,POSITION_COUNTRY) values (8,8,8,'Nom8','Prenom8','1234567890','email@here.com8',NULL,NULL,NULL,NULL,NULL,NULL);
insert into T_CLIENT (ID,AGENCEID12,AGENCYID,NOM,PRENOM,TELEPHONE,EMAIL,POSITION_LATITUDE,POSITION_LONGITUDE,POSITION_COMPL,POSITION_STREET,POSITION_CITY,POSITION_COUNTRY) values (9,9,9,'Nom9','Prenom9','1234567890','email@here.com9',NULL,NULL,NULL,NULL,NULL,NULL);
insert into T_CLIENT (ID,AGENCEID12,AGENCYID,NOM,PRENOM,TELEPHONE,EMAIL,POSITION_LATITUDE,POSITION_LONGITUDE,POSITION_COMPL,POSITION_STREET,POSITION_CITY,POSITION_COUNTRY) values (10,10,10,'Nom10','Prenom10','1234567890','email@here.com10',NULL,NULL,NULL,NULL,NULL,NULL);
insert into T_CLIENT (ID,AGENCEID12,AGENCYID,NOM,PRENOM,TELEPHONE,EMAIL,POSITION_LATITUDE,POSITION_LONGITUDE,POSITION_COMPL,POSITION_STREET,POSITION_CITY,POSITION_COUNTRY) values (11,11,11,'Nom11','Prenom11','1234567890','email@here.com11',NULL,NULL,NULL,NULL,NULL,NULL);
insert into T_CLIENT (ID,AGENCEID12,AGENCYID,NOM,PRENOM,TELEPHONE,EMAIL,POSITION_LATITUDE,POSITION_LONGITUDE,POSITION_COMPL,POSITION_STREET,POSITION_CITY,POSITION_COUNTRY) values (12,12,12,'Nom12','Prenom12','1234567890','email@here.com12',NULL,NULL,NULL,NULL,NULL,NULL);
insert into T_CLIENT (ID,AGENCEID12,AGENCYID,NOM,PRENOM,TELEPHONE,EMAIL,POSITION_LATITUDE,POSITION_LONGITUDE,POSITION_COMPL,POSITION_STREET,POSITION_CITY,POSITION_COUNTRY) values (13,13,13,'Nom13','Prenom13','1234567890','email@here.com13',NULL,NULL,NULL,NULL,NULL,NULL);
insert into T_CLIENT (ID,AGENCEID12,AGENCYID,NOM,PRENOM,TELEPHONE,EMAIL,POSITION_LATITUDE,POSITION_LONGITUDE,POSITION_COMPL,POSITION_STREET,POSITION_CITY,POSITION_COUNTRY) values (14,14,14,'Nom14','Prenom14','1234567890','email@here.com14',NULL,NULL,NULL,NULL,NULL,NULL);
insert into T_CLIENT (ID,AGENCEID12,AGENCYID,NOM,PRENOM,TELEPHONE,EMAIL,POSITION_LATITUDE,POSITION_LONGITUDE,POSITION_COMPL,POSITION_STREET,POSITION_CITY,POSITION_COUNTRY) values (15,15,15,'Nom15','Prenom15','1234567890','email@here.com15',NULL,NULL,NULL,NULL,NULL,NULL);
insert into T_CLIENT (ID,AGENCEID12,AGENCYID,NOM,PRENOM,TELEPHONE,EMAIL,POSITION_LATITUDE,POSITION_LONGITUDE,POSITION_COMPL,POSITION_STREET,POSITION_CITY,POSITION_COUNTRY) values (16,16,16,'Nom16','Prenom16','1234567890','email@here.com16',NULL,NULL,NULL,NULL,NULL,NULL);
insert into T_CLIENT (ID,AGENCEID12,AGENCYID,NOM,PRENOM,TELEPHONE,EMAIL,POSITION_LATITUDE,POSITION_LONGITUDE,POSITION_COMPL,POSITION_STREET,POSITION_CITY,POSITION_COUNTRY) values (17,17,17,'Nom17','Prenom17','1234567890','email@here.com17',NULL,NULL,NULL,NULL,NULL,NULL);
update T_CLIENT set POSITION_LATITUDE = 0.1 , POSITION_LONGITUDE = 0.1 , POSITION_COMPL = 'compl1' , POSITION_STREET = 'street1' , POSITION_CITY = 'city1' , POSITION_COUNTRY = 'country1' where ID = 1 ;
update T_CLIENT set POSITION_LATITUDE = 0.2 , POSITION_LONGITUDE = 0.2 , POSITION_COMPL = 'compl2' , POSITION_STREET = 'street2' , POSITION_CITY = 'city2' , POSITION_COUNTRY = 'country2' where ID = 2 ;
update T_CLIENT set POSITION_LATITUDE = 0.3 , POSITION_LONGITUDE = 0.3 , POSITION_COMPL = 'compl3' , POSITION_STREET = 'street3' , POSITION_CITY = 'city3' , POSITION_COUNTRY = 'country3' where ID = 3 ;
update T_CLIENT set POSITION_LATITUDE = 0.4 , POSITION_LONGITUDE = 0.4 , POSITION_COMPL = 'compl4' , POSITION_STREET = 'street4' , POSITION_CITY = 'city4' , POSITION_COUNTRY = 'country4' where ID = 4 ;
update T_CLIENT set POSITION_LATITUDE = 0.5 , POSITION_LONGITUDE = 0.5 , POSITION_COMPL = 'compl5' , POSITION_STREET = 'street5' , POSITION_CITY = 'city5' , POSITION_COUNTRY = 'country5' where ID = 5 ;
update T_CLIENT set POSITION_LATITUDE = 0.6 , POSITION_LONGITUDE = 0.6 , POSITION_COMPL = 'compl6' , POSITION_STREET = 'street6' , POSITION_CITY = 'city6' , POSITION_COUNTRY = 'country6' where ID = 6 ;
update T_CLIENT set POSITION_LATITUDE = 0.7 , POSITION_LONGITUDE = 0.7 , POSITION_COMPL = 'compl7' , POSITION_STREET = 'street7' , POSITION_CITY = 'city7' , POSITION_COUNTRY = 'country7' where ID = 7 ;
update T_CLIENT set POSITION_LATITUDE = 0.8 , POSITION_LONGITUDE = 0.8 , POSITION_COMPL = 'compl8' , POSITION_STREET = 'street8' , POSITION_CITY = 'city8' , POSITION_COUNTRY = 'country8' where ID = 8 ;
update T_CLIENT set POSITION_LATITUDE = 0.9 , POSITION_LONGITUDE = 0.9 , POSITION_COMPL = 'compl9' , POSITION_STREET = 'street9' , POSITION_CITY = 'city9' , POSITION_COUNTRY = 'country9' where ID = 9 ;
update T_CLIENT set POSITION_LATITUDE = 1 , POSITION_LONGITUDE = 1 , POSITION_COMPL = 'compl10' , POSITION_STREET = 'street10' , POSITION_CITY = 'city10' , POSITION_COUNTRY = 'country10' where ID = 10 ;
update T_CLIENT set POSITION_LATITUDE = 1.1 , POSITION_LONGITUDE = 1.1 , POSITION_COMPL = 'compl11' , POSITION_STREET = 'street11' , POSITION_CITY = 'city11' , POSITION_COUNTRY = 'country11' where ID = 11 ;
update T_CLIENT set POSITION_LATITUDE = 1.2 , POSITION_LONGITUDE = 1.2 , POSITION_COMPL = 'compl12' , POSITION_STREET = 'street12' , POSITION_CITY = 'city12' , POSITION_COUNTRY = 'country12' where ID = 12 ;
update T_CLIENT set POSITION_LATITUDE = 1.3 , POSITION_LONGITUDE = 1.3 , POSITION_COMPL = 'compl13' , POSITION_STREET = 'street13' , POSITION_CITY = 'city13' , POSITION_COUNTRY = 'country13' where ID = 13 ;
update T_CLIENT set POSITION_LATITUDE = 1.4 , POSITION_LONGITUDE = 1.4 , POSITION_COMPL = 'compl14' , POSITION_STREET = 'street14' , POSITION_CITY = 'city14' , POSITION_COUNTRY = 'country14' where ID = 14 ;
update T_CLIENT set POSITION_LATITUDE = 1.5 , POSITION_LONGITUDE = 1.5 , POSITION_COMPL = 'compl15' , POSITION_STREET = 'street15' , POSITION_CITY = 'city15' , POSITION_COUNTRY = 'country15' where ID = 15 ;
update T_CLIENT set POSITION_LATITUDE = 1.6 , POSITION_LONGITUDE = 1.6 , POSITION_COMPL = 'compl16' , POSITION_STREET = 'street16' , POSITION_CITY = 'city16' , POSITION_COUNTRY = 'country16' where ID = 16 ;
update T_CLIENT set POSITION_LATITUDE = 1.7 , POSITION_LONGITUDE = 1.7 , POSITION_COMPL = 'compl17' , POSITION_STREET = 'street17' , POSITION_CITY = 'city17' , POSITION_COUNTRY = 'country17' where ID = 17 ;
insert into T_AGENCE (ID,ACTIVITE4ID,DETAILID,ACTIVITE3ID,ACTIVITE2ID,ACTIVITE1ID,MAINCLIENTID,NOM,RUE,CODEPOSTAL,VILLE,WEBSITE,PHONE,DECIMAL,POSITION_LATITUDE,POSITION_LONGITUDE,POSITION_COMPL,POSITION_STREET,POSITION_CITY,POSITION_COUNTRY) values (1,4,1,3,2,1,1,'Nom1','Rue1','31000','Toulouse1','http://mysite.com/1','1234567890',1,NULL,NULL,NULL,NULL,NULL,NULL);
insert into T_AGENCE (ID,ACTIVITE4ID,DETAILID,ACTIVITE3ID,ACTIVITE2ID,ACTIVITE1ID,MAINCLIENTID,NOM,RUE,CODEPOSTAL,VILLE,WEBSITE,PHONE,DECIMAL,POSITION_LATITUDE,POSITION_LONGITUDE,POSITION_COMPL,POSITION_STREET,POSITION_CITY,POSITION_COUNTRY) values (2,4,2,3,2,1,2,'Nom2','Rue2','31001','Toulouse2','http://mysite.com/2','1234567890',2,NULL,NULL,NULL,NULL,NULL,NULL);
insert into T_AGENCE (ID,ACTIVITE4ID,DETAILID,ACTIVITE3ID,ACTIVITE2ID,ACTIVITE1ID,MAINCLIENTID,NOM,RUE,CODEPOSTAL,VILLE,WEBSITE,PHONE,DECIMAL,POSITION_LATITUDE,POSITION_LONGITUDE,POSITION_COMPL,POSITION_STREET,POSITION_CITY,POSITION_COUNTRY) values (3,4,3,3,2,1,3,'Nom3','Rue3','31002','Toulouse3','http://mysite.com/3','1234567890',3,NULL,NULL,NULL,NULL,NULL,NULL);
insert into T_AGENCE (ID,ACTIVITE4ID,DETAILID,ACTIVITE3ID,ACTIVITE2ID,ACTIVITE1ID,MAINCLIENTID,NOM,RUE,CODEPOSTAL,VILLE,WEBSITE,PHONE,DECIMAL,POSITION_LATITUDE,POSITION_LONGITUDE,POSITION_COMPL,POSITION_STREET,POSITION_CITY,POSITION_COUNTRY) values (4,4,4,3,2,1,4,'Nom4','Rue4','31003','Toulouse4','http://mysite.com/4','1234567890',4,NULL,NULL,NULL,NULL,NULL,NULL);
insert into T_AGENCE (ID,ACTIVITE4ID,DETAILID,ACTIVITE3ID,ACTIVITE2ID,ACTIVITE1ID,MAINCLIENTID,NOM,RUE,CODEPOSTAL,VILLE,WEBSITE,PHONE,DECIMAL,POSITION_LATITUDE,POSITION_LONGITUDE,POSITION_COMPL,POSITION_STREET,POSITION_CITY,POSITION_COUNTRY) values (5,4,5,3,2,1,5,'Nom5','Rue5','31004','Toulouse5','http://mysite.com/5','1234567890',5,NULL,NULL,NULL,NULL,NULL,NULL);
insert into T_AGENCE (ID,ACTIVITE4ID,DETAILID,ACTIVITE3ID,ACTIVITE2ID,ACTIVITE1ID,MAINCLIENTID,NOM,RUE,CODEPOSTAL,VILLE,WEBSITE,PHONE,DECIMAL,POSITION_LATITUDE,POSITION_LONGITUDE,POSITION_COMPL,POSITION_STREET,POSITION_CITY,POSITION_COUNTRY) values (6,4,6,3,2,1,6,'Nom6','Rue6','31005','Toulouse6','http://mysite.com/6','1234567890',6,NULL,NULL,NULL,NULL,NULL,NULL);
insert into T_AGENCE (ID,ACTIVITE4ID,DETAILID,ACTIVITE3ID,ACTIVITE2ID,ACTIVITE1ID,MAINCLIENTID,NOM,RUE,CODEPOSTAL,VILLE,WEBSITE,PHONE,DECIMAL,POSITION_LATITUDE,POSITION_LONGITUDE,POSITION_COMPL,POSITION_STREET,POSITION_CITY,POSITION_COUNTRY) values (7,4,7,3,2,1,7,'Nom7','Rue7','31006','Toulouse7','http://mysite.com/7','1234567890',7,NULL,NULL,NULL,NULL,NULL,NULL);
insert into T_AGENCE (ID,ACTIVITE4ID,DETAILID,ACTIVITE3ID,ACTIVITE2ID,ACTIVITE1ID,MAINCLIENTID,NOM,RUE,CODEPOSTAL,VILLE,WEBSITE,PHONE,DECIMAL,POSITION_LATITUDE,POSITION_LONGITUDE,POSITION_COMPL,POSITION_STREET,POSITION_CITY,POSITION_COUNTRY) values (8,4,8,3,2,1,8,'Nom8','Rue8','31007','Toulouse8','http://mysite.com/8','1234567890',8,NULL,NULL,NULL,NULL,NULL,NULL);
insert into T_AGENCE (ID,ACTIVITE4ID,DETAILID,ACTIVITE3ID,ACTIVITE2ID,ACTIVITE1ID,MAINCLIENTID,NOM,RUE,CODEPOSTAL,VILLE,WEBSITE,PHONE,DECIMAL,POSITION_LATITUDE,POSITION_LONGITUDE,POSITION_COMPL,POSITION_STREET,POSITION_CITY,POSITION_COUNTRY) values (9,4,9,3,2,1,9,'Nom9','Rue9','31008','Toulouse9','http://mysite.com/9','1234567890',9,NULL,NULL,NULL,NULL,NULL,NULL);
insert into T_AGENCE (ID,ACTIVITE4ID,DETAILID,ACTIVITE3ID,ACTIVITE2ID,ACTIVITE1ID,MAINCLIENTID,NOM,RUE,CODEPOSTAL,VILLE,WEBSITE,PHONE,DECIMAL,POSITION_LATITUDE,POSITION_LONGITUDE,POSITION_COMPL,POSITION_STREET,POSITION_CITY,POSITION_COUNTRY) values (10,4,10,3,2,1,10,'Nom10','Rue10','31009','Toulouse10','http://mysite.com/10','1234567890',10,NULL,NULL,NULL,NULL,NULL,NULL);
insert into T_AGENCE (ID,ACTIVITE4ID,DETAILID,ACTIVITE3ID,ACTIVITE2ID,ACTIVITE1ID,MAINCLIENTID,NOM,RUE,CODEPOSTAL,VILLE,WEBSITE,PHONE,DECIMAL,POSITION_LATITUDE,POSITION_LONGITUDE,POSITION_COMPL,POSITION_STREET,POSITION_CITY,POSITION_COUNTRY) values (11,4,11,3,2,1,11,'Nom11','Rue11','31010','Toulouse11','http://mysite.com/11','1234567890',11,NULL,NULL,NULL,NULL,NULL,NULL);
insert into T_AGENCE (ID,ACTIVITE4ID,DETAILID,ACTIVITE3ID,ACTIVITE2ID,ACTIVITE1ID,MAINCLIENTID,NOM,RUE,CODEPOSTAL,VILLE,WEBSITE,PHONE,DECIMAL,POSITION_LATITUDE,POSITION_LONGITUDE,POSITION_COMPL,POSITION_STREET,POSITION_CITY,POSITION_COUNTRY) values (12,4,12,3,2,1,12,'Nom12','Rue12','31011','Toulouse12','http://mysite.com/12','1234567890',12,NULL,NULL,NULL,NULL,NULL,NULL);
insert into T_AGENCE (ID,ACTIVITE4ID,DETAILID,ACTIVITE3ID,ACTIVITE2ID,ACTIVITE1ID,MAINCLIENTID,NOM,RUE,CODEPOSTAL,VILLE,WEBSITE,PHONE,DECIMAL,POSITION_LATITUDE,POSITION_LONGITUDE,POSITION_COMPL,POSITION_STREET,POSITION_CITY,POSITION_COUNTRY) values (13,4,13,3,2,1,13,'Nom13','Rue13','31012','Toulouse13','http://mysite.com/13','1234567890',13,NULL,NULL,NULL,NULL,NULL,NULL);
insert into T_AGENCE (ID,ACTIVITE4ID,DETAILID,ACTIVITE3ID,ACTIVITE2ID,ACTIVITE1ID,MAINCLIENTID,NOM,RUE,CODEPOSTAL,VILLE,WEBSITE,PHONE,DECIMAL,POSITION_LATITUDE,POSITION_LONGITUDE,POSITION_COMPL,POSITION_STREET,POSITION_CITY,POSITION_COUNTRY) values (14,4,14,3,2,1,14,'Nom14','Rue14','31013','Toulouse14','http://mysite.com/14','1234567890',14,NULL,NULL,NULL,NULL,NULL,NULL);
insert into T_AGENCE (ID,ACTIVITE4ID,DETAILID,ACTIVITE3ID,ACTIVITE2ID,ACTIVITE1ID,MAINCLIENTID,NOM,RUE,CODEPOSTAL,VILLE,WEBSITE,PHONE,DECIMAL,POSITION_LATITUDE,POSITION_LONGITUDE,POSITION_COMPL,POSITION_STREET,POSITION_CITY,POSITION_COUNTRY) values (15,4,15,3,2,1,15,'Nom15','Rue15','31014','Toulouse15','http://mysite.com/15','1234567890',15,NULL,NULL,NULL,NULL,NULL,NULL);
insert into T_AGENCE (ID,ACTIVITE4ID,DETAILID,ACTIVITE3ID,ACTIVITE2ID,ACTIVITE1ID,MAINCLIENTID,NOM,RUE,CODEPOSTAL,VILLE,WEBSITE,PHONE,DECIMAL,POSITION_LATITUDE,POSITION_LONGITUDE,POSITION_COMPL,POSITION_STREET,POSITION_CITY,POSITION_COUNTRY) values (16,4,16,3,2,1,16,'Nom16','Rue16','31015','Toulouse16','http://mysite.com/16','1234567890',16,NULL,NULL,NULL,NULL,NULL,NULL);
insert into T_AGENCE (ID,ACTIVITE4ID,DETAILID,ACTIVITE3ID,ACTIVITE2ID,ACTIVITE1ID,MAINCLIENTID,NOM,RUE,CODEPOSTAL,VILLE,WEBSITE,PHONE,DECIMAL,POSITION_LATITUDE,POSITION_LONGITUDE,POSITION_COMPL,POSITION_STREET,POSITION_CITY,POSITION_COUNTRY) values (17,4,17,3,2,1,17,'Nom17','Rue17','31016','Toulouse17','http://mysite.com/17','1234567890',17,NULL,NULL,NULL,NULL,NULL,NULL);
update T_AGENCE set POSITION_LATITUDE = 0.1 , POSITION_LONGITUDE = 0.1 , POSITION_COMPL = 'compl1' , POSITION_STREET = 'street1' , POSITION_CITY = 'city1' , POSITION_COUNTRY = 'country1' where ID = 1 ;
update T_AGENCE set POSITION_LATITUDE = 0.2 , POSITION_LONGITUDE = 0.2 , POSITION_COMPL = 'compl2' , POSITION_STREET = 'street2' , POSITION_CITY = 'city2' , POSITION_COUNTRY = 'country2' where ID = 2 ;
update T_AGENCE set POSITION_LATITUDE = 0.3 , POSITION_LONGITUDE = 0.3 , POSITION_COMPL = 'compl3' , POSITION_STREET = 'street3' , POSITION_CITY = 'city3' , POSITION_COUNTRY = 'country3' where ID = 3 ;
update T_AGENCE set POSITION_LATITUDE = 0.4 , POSITION_LONGITUDE = 0.4 , POSITION_COMPL = 'compl4' , POSITION_STREET = 'street4' , POSITION_CITY = 'city4' , POSITION_COUNTRY = 'country4' where ID = 4 ;
update T_AGENCE set POSITION_LATITUDE = 0.5 , POSITION_LONGITUDE = 0.5 , POSITION_COMPL = 'compl5' , POSITION_STREET = 'street5' , POSITION_CITY = 'city5' , POSITION_COUNTRY = 'country5' where ID = 5 ;
update T_AGENCE set POSITION_LATITUDE = 0.6 , POSITION_LONGITUDE = 0.6 , POSITION_COMPL = 'compl6' , POSITION_STREET = 'street6' , POSITION_CITY = 'city6' , POSITION_COUNTRY = 'country6' where ID = 6 ;
update T_AGENCE set POSITION_LATITUDE = 0.7 , POSITION_LONGITUDE = 0.7 , POSITION_COMPL = 'compl7' , POSITION_STREET = 'street7' , POSITION_CITY = 'city7' , POSITION_COUNTRY = 'country7' where ID = 7 ;
update T_AGENCE set POSITION_LATITUDE = 0.8 , POSITION_LONGITUDE = 0.8 , POSITION_COMPL = 'compl8' , POSITION_STREET = 'street8' , POSITION_CITY = 'city8' , POSITION_COUNTRY = 'country8' where ID = 8 ;
update T_AGENCE set POSITION_LATITUDE = 0.9 , POSITION_LONGITUDE = 0.9 , POSITION_COMPL = 'compl9' , POSITION_STREET = 'street9' , POSITION_CITY = 'city9' , POSITION_COUNTRY = 'country9' where ID = 9 ;
update T_AGENCE set POSITION_LATITUDE = 1 , POSITION_LONGITUDE = 1 , POSITION_COMPL = 'compl10' , POSITION_STREET = 'street10' , POSITION_CITY = 'city10' , POSITION_COUNTRY = 'country10' where ID = 10 ;
update T_AGENCE set POSITION_LATITUDE = 1.1 , POSITION_LONGITUDE = 1.1 , POSITION_COMPL = 'compl11' , POSITION_STREET = 'street11' , POSITION_CITY = 'city11' , POSITION_COUNTRY = 'country11' where ID = 11 ;
update T_AGENCE set POSITION_LATITUDE = 1.2 , POSITION_LONGITUDE = 1.2 , POSITION_COMPL = 'compl12' , POSITION_STREET = 'street12' , POSITION_CITY = 'city12' , POSITION_COUNTRY = 'country12' where ID = 12 ;
update T_AGENCE set POSITION_LATITUDE = 1.3 , POSITION_LONGITUDE = 1.3 , POSITION_COMPL = 'compl13' , POSITION_STREET = 'street13' , POSITION_CITY = 'city13' , POSITION_COUNTRY = 'country13' where ID = 13 ;
update T_AGENCE set POSITION_LATITUDE = 1.4 , POSITION_LONGITUDE = 1.4 , POSITION_COMPL = 'compl14' , POSITION_STREET = 'street14' , POSITION_CITY = 'city14' , POSITION_COUNTRY = 'country14' where ID = 14 ;
update T_AGENCE set POSITION_LATITUDE = 1.5 , POSITION_LONGITUDE = 1.5 , POSITION_COMPL = 'compl15' , POSITION_STREET = 'street15' , POSITION_CITY = 'city15' , POSITION_COUNTRY = 'country15' where ID = 15 ;
update T_AGENCE set POSITION_LATITUDE = 1.6 , POSITION_LONGITUDE = 1.6 , POSITION_COMPL = 'compl16' , POSITION_STREET = 'street16' , POSITION_CITY = 'city16' , POSITION_COUNTRY = 'country16' where ID = 16 ;
update T_AGENCE set POSITION_LATITUDE = 1.7 , POSITION_LONGITUDE = 1.7 , POSITION_COMPL = 'compl17' , POSITION_STREET = 'street17' , POSITION_CITY = 'city17' , POSITION_COUNTRY = 'country17' where ID = 17 ;
insert into T_WORD (ID,NOM) values (1,'nom1');
insert into T_WORD (ID,NOM) values (2,'nom2');
insert into T_WORD (ID,NOM) values (3,'nom3');
insert into T_WORD (ID,NOM) values (4,'nom4');
insert into T_WORD (ID,NOM) values (5,'nom5');
insert into T_WORD (ID,NOM) values (6,'nom6');
insert into T_WORD (ID,NOM) values (7,'nom7');
insert into T_WORD (ID,NOM) values (8,'nom8');
insert into T_WORD (ID,NOM) values (9,'nom9');
insert into T_WORD (ID,NOM) values (10,'nom10');
insert into T_WORD (ID,NOM) values (11,'nom11');
insert into T_WORD (ID,NOM) values (12,'nom12');
insert into T_WORD (ID,NOM) values (13,'nom13');
insert into T_WORD (ID,NOM) values (14,'nom14');
insert into T_WORD (ID,NOM) values (15,'nom15');
insert into T_WORD (ID,NOM) values (16,'nom16');
insert into T_WORD (ID,NOM) values (17,'nom17');
insert into T_EMPLSKILL (EMPLOYEEID,SKILLID) values (1,1);
insert into T_EMPLSKILL (EMPLOYEEID,SKILLID) values (2,2);
insert into T_EMPLSKILL (EMPLOYEEID,SKILLID) values (3,3);
insert into T_EMPLSKILL (EMPLOYEEID,SKILLID) values (4,4);
insert into T_EMPLSKILL (EMPLOYEEID,SKILLID) values (5,5);
insert into T_EMPLSKILL (EMPLOYEEID,SKILLID) values (6,6);
insert into T_EMPLSKILL (EMPLOYEEID,SKILLID) values (7,7);
insert into T_EMPLSKILL (EMPLOYEEID,SKILLID) values (8,8);
insert into T_EMPLSKILL (EMPLOYEEID,SKILLID) values (9,9);
insert into T_EMPLSKILL (EMPLOYEEID,SKILLID) values (10,10);
insert into T_EMPLSKILL (EMPLOYEEID,SKILLID) values (11,11);
insert into T_EMPLSKILL (EMPLOYEEID,SKILLID) values (12,12);
insert into T_EMPLSKILL (EMPLOYEEID,SKILLID) values (13,13);
insert into T_EMPLSKILL (EMPLOYEEID,SKILLID) values (14,14);
insert into T_EMPLSKILL (EMPLOYEEID,SKILLID) values (15,15);
insert into T_EMPLSKILL (EMPLOYEEID,SKILLID) values (16,16);
insert into T_EMPLSKILL (EMPLOYEEID,SKILLID) values (17,17);
